customer_id,age,gender,tenure,usage_frequency,support_calls,payment_delay,subscription_type,contract_length,total_spend,last_interaction,churn,customer_feedback
189001,26,Female,10,2,1,24,Standard,Annual,599.24,20,1,Generated feedback 0
189002,40,Female,13,3,5,1,Basic,Monthly,970.61,5,0,Generated feedback 1
189003,64,Male,30,6,4,5,Basic,Annual,688.77,9,1,Generated feedback 2
189004,41,Female,34,5,5,0,Premium,Monthly,422.53,17,0,Generated feedback 3
189005,53,Male,17,3,4,6,Premium,Quarterly,669.09,10,1,Generated feedback 4
189006,55,Male,4,6,9,2,Basic,Annual,268.81,3,0,Generated feedback 5
189007,37,Male,8,8,2,9,Premium,Annual,181.58,6,0,Generated feedback 6
189008,61,Male,33,6,9,8,Premium,Monthly,874.2,14,1,Generated feedback 7
189009,63,Female,13,7,7,13,Premium,Monthly,829.27,18,0,Generated feedback 8
189010,60,Female,2,7,0,25,Premium,Annual,843.46,13,0,Generated feedback 9
189011,68,Male,19,3,1,22,Standard,Quarterly,636.78,18,0,Generated feedback 10
189012,38,Female,25,9,2,8,Premium,Monthly,783.22,26,0,Generated feedback 11
189013,33,Male,16,6,1,17,Basic,Monthly,363.63,24,1,Generated feedback 12
189014,21,Female,9,8,7,17,Standard,Monthly,503.8,4,0,Generated feedback 13
189015,42,Female,3,4,4,5,Standard,Annual,446.58,20,0,Generated feedback 14
189016,36,Female,21,5,9,5,Standard,Annual,568.07,8,0,Generated feedback 15
189017,69,Male,20,4,1,16,Premium,Annual,238.74,16,0,Generated feedback 16
189018,47,Female,7,9,0,12,Premium,Annual,630.96,4,1,Generated feedback 17
189019,56,Male,12,1,2,22,Standard,Annual,686.1,18,1,Generated feedback 18
189020,55,Male,4,2,4,13,Basic,Annual,958.52,25,1,Generated feedback 19
189021,27,Male,24,7,2,1,Basic,Quarterly,700.61,26,1,Generated feedback 20
189022,28,Male,34,1,7,24,Standard,Annual,578.76,29,1,Generated feedback 21
189023,40,Male,5,3,3,2,Standard,Monthly,466.84,18,1,Generated feedback 22
189024,50,Male,9,3,0,20,Basic,Quarterly,771.7,28,1,Generated feedback 23
189025,56,Male,10,1,8,10,Basic,Annual,491.01,10,1,Generated feedback 24
189026,57,Female,14,9,4,29,Basic,Annual,867.11,24,1,Generated feedback 25
189027,42,Female,22,3,8,8,Premium,Annual,771.13,5,0,Generated feedback 26
189028,34,Female,6,7,5,4,Standard,Monthly,115.01,24,0,Generated feedback 27
189029,35,Female,5,5,1,20,Premium,Quarterly,361.73,11,1,Generated feedback 28
189030,46,Male,21,9,3,21,Standard,Annual,921.95,29,0,Generated feedback 29
189031,38,Male,3,7,9,1,Premium,Annual,346.76,23,1,Generated feedback 30
189032,38,Female,10,7,6,14,Premium,Quarterly,943.23,29,0,Generated feedback 31
189033,23,Male,29,5,8,3,Premium,Quarterly,809.46,5,0,Generated feedback 32
189034,26,Male,31,9,0,16,Premium,Monthly,361.78,20,1,Generated feedback 33
189035,24,Male,2,3,8,28,Standard,Quarterly,640.3,18,1,Generated feedback 34
189036,29,Female,22,8,1,6,Basic,Quarterly,432.37,2,1,Generated feedback 35
189037,41,Male,33,1,7,24,Standard,Annual,528.36,12,0,Generated feedback 36
189038,34,Male,28,9,4,25,Basic,Annual,516.85,20,0,Generated feedback 37
189039,63,Male,15,6,2,18,Standard,Quarterly,746.09,22,1,Generated feedback 38
189040,29,Male,6,7,2,8,Standard,Annual,952.06,14,0,Generated feedback 39
189041,52,Female,18,2,5,21,Premium,Monthly,500.7,12,0,Generated feedback 40
189042,33,Male,33,1,1,5,Basic,Annual,598.35,20,0,Generated feedback 41
189043,29,Female,25,2,8,13,Premium,Annual,638.75,24,0,Generated feedback 42
189044,69,Female,6,6,5,7,Basic,Annual,53.04,4,1,Generated feedback 43
189045,57,Female,23,3,7,0,Premium,Monthly,823.45,29,0,Generated feedback 44
189046,51,Female,17,4,7,29,Basic,Annual,493.41,7,0,Generated feedback 45
189047,41,Male,13,9,0,18,Premium,Quarterly,511.92,20,0,Generated feedback 46
189048,46,Female,29,2,3,17,Premium,Quarterly,891.38,1,0,Generated feedback 47
189049,64,Female,26,9,0,4,Basic,Quarterly,939.65,23,1,Generated feedback 48
189050,32,Male,22,3,7,18,Standard,Monthly,952.79,1,0,Generated feedback 49
189051,33,Male,11,5,7,27,Premium,Monthly,961.26,28,0,Generated feedback 50
189052,18,Female,18,9,5,20,Basic,Annual,150.64,8,1,Generated feedback 51
189053,68,Female,20,4,0,3,Premium,Annual,555.8,8,0,Generated feedback 52
189054,56,Female,24,5,3,22,Basic,Annual,690.1,18,0,Generated feedback 53
189055,69,Female,8,2,2,2,Premium,Annual,317.42,16,0,Generated feedback 54
189056,29,Female,18,8,1,26,Basic,Quarterly,244.01,26,1,Generated feedback 55
189057,30,Male,12,4,0,12,Premium,Monthly,571.17,8,0,Generated feedback 56
189058,65,Female,29,1,3,7,Standard,Annual,723.87,12,0,Generated feedback 57
189059,37,Female,13,9,5,8,Basic,Annual,475.97,20,1,Generated feedback 58
189060,58,Male,8,4,0,1,Basic,Quarterly,683.08,18,1,Generated feedback 59
189061,37,Female,4,6,0,13,Standard,Monthly,318.37,16,1,Generated feedback 60
189062,33,Female,5,9,5,18,Basic,Annual,182.76,22,0,Generated feedback 61
189063,25,Male,17,3,8,25,Basic,Quarterly,713.81,23,1,Generated feedback 62
189064,28,Male,31,5,5,28,Premium,Quarterly,84.26,3,0,Generated feedback 63
189065,28,Male,9,2,8,12,Premium,Monthly,344.97,16,0,Generated feedback 64
189066,57,Male,20,3,9,4,Basic,Monthly,988.2,8,0,Generated feedback 65
189067,38,Female,17,9,8,13,Basic,Annual,233.22,26,0,Generated feedback 66
189068,22,Female,2,3,0,22,Premium,Annual,555.65,27,1,Generated feedback 67
189069,57,Female,21,9,2,25,Basic,Quarterly,80.9,14,1,Generated feedback 68
189070,68,Female,32,9,2,26,Basic,Monthly,850.11,24,1,Generated feedback 69
189071,27,Male,1,7,1,2,Standard,Annual,601.9,16,0,Generated feedback 70
189072,60,Female,1,6,5,16,Premium,Monthly,175.38,20,1,Generated feedback 71
189073,32,Male,5,6,0,15,Premium,Annual,229.33,13,1,Generated feedback 72
189074,33,Male,25,4,5,16,Basic,Annual,132.71,14,0,Generated feedback 73
189075,44,Male,16,4,5,11,Standard,Quarterly,715.41,7,0,Generated feedback 74
189076,67,Female,15,2,8,18,Basic,Monthly,935.1,2,0,Generated feedback 75
189077,38,Male,22,1,4,3,Basic,Quarterly,464.64,27,0,Generated feedback 76
189078,64,Male,23,5,5,29,Standard,Quarterly,506.81,19,1,Generated feedback 77
189079,21,Male,13,1,7,11,Standard,Annual,442.74,1,1,Generated feedback 78
189080,61,Male,22,4,3,8,Basic,Quarterly,925.15,29,0,Generated feedback 79
189081,44,Female,28,7,9,14,Premium,Monthly,897.74,28,0,Generated feedback 80
189082,37,Female,3,7,9,12,Standard,Quarterly,125.59,25,0,Generated feedback 81
189083,38,Male,15,5,4,12,Standard,Quarterly,722.8,28,1,Generated feedback 82
189084,18,Male,30,4,6,1,Basic,Quarterly,448.3,1,0,Generated feedback 83
189085,59,Female,8,1,9,22,Basic,Quarterly,68.53,16,1,Generated feedback 84
189086,57,Male,34,6,3,10,Premium,Annual,605.6,24,0,Generated feedback 85
189087,38,Male,22,2,9,19,Standard,Annual,898.1,2,0,Generated feedback 86
189088,39,Female,8,1,1,2,Standard,Monthly,172.19,5,0,Generated feedback 87
189089,30,Male,35,7,9,15,Standard,Quarterly,145.63,21,1,Generated feedback 88
189090,48,Male,31,1,0,18,Premium,Annual,694.44,4,0,Generated feedback 89
189091,68,Female,7,5,5,25,Standard,Quarterly,425.47,26,0,Generated feedback 90
189092,59,Male,29,4,4,22,Premium,Quarterly,248.8,10,1,Generated feedback 91
189093,58,Male,33,5,0,9,Standard,Quarterly,92.72,8,1,Generated feedback 92
189094,41,Male,21,9,6,13,Basic,Annual,289.66,7,0,Generated feedback 93
189095,22,Male,33,7,9,12,Standard,Monthly,278.85,1,1,Generated feedback 94
189096,66,Male,17,5,0,27,Premium,Annual,428.56,8,1,Generated feedback 95
189097,61,Female,16,6,1,27,Standard,Annual,450.92,1,1,Generated feedback 96
189098,27,Female,15,8,6,2,Basic,Quarterly,652.61,24,1,Generated feedback 97
189099,55,Female,12,3,0,16,Standard,Quarterly,675.95,18,0,Generated feedback 98
189100,58,Male,28,4,8,28,Premium,Monthly,864.64,10,1,Generated feedback 99
189101,61,Male,5,9,2,10,Basic,Annual,665.6,3,0,Generated feedback 100
189102,67,Male,34,4,2,13,Standard,Monthly,358.96,6,0,Generated feedback 101
189103,43,Female,8,4,8,28,Premium,Annual,92.86,15,1,Generated feedback 102
189104,52,Female,24,3,5,29,Standard,Quarterly,929.26,14,1,Generated feedback 103
189105,52,Male,9,9,6,29,Basic,Annual,393.22,3,1,Generated feedback 104
189106,48,Male,26,5,7,1,Standard,Monthly,422.12,9,0,Generated feedback 105
189107,63,Male,10,8,4,24,Standard,Quarterly,113.85,16,1,Generated feedback 106
189108,63,Male,10,3,9,24,Premium,Quarterly,485.92,4,1,Generated feedback 107
189109,23,Female,32,7,5,28,Premium,Monthly,580.73,24,1,Generated feedback 108
189110,66,Male,19,5,2,25,Basic,Annual,341.93,11,0,Generated feedback 109
189111,56,Female,18,7,5,20,Standard,Quarterly,619.35,22,0,Generated feedback 110
189112,57,Male,16,7,6,11,Premium,Quarterly,351.96,26,1,Generated feedback 111
189113,69,Male,13,4,7,9,Standard,Annual,406.61,18,1,Generated feedback 112
189114,49,Female,14,1,1,3,Premium,Monthly,580.19,9,0,Generated feedback 113
189115,21,Female,21,7,1,12,Standard,Annual,968.0,1,1,Generated feedback 114
189116,23,Female,9,3,2,17,Basic,Monthly,870.66,14,0,Generated feedback 115
189117,42,Female,7,3,4,16,Basic,Monthly,649.57,6,1,Generated feedback 116
189118,69,Female,3,4,4,9,Premium,Quarterly,236.89,19,1,Generated feedback 117
189119,53,Male,3,8,3,17,Standard,Monthly,562.46,6,0,Generated feedback 118
189120,36,Male,32,5,0,6,Standard,Quarterly,895.69,22,0,Generated feedback 119
189121,46,Male,14,4,2,24,Premium,Annual,980.53,23,0,Generated feedback 120
189122,60,Male,6,6,3,29,Basic,Quarterly,990.09,13,1,Generated feedback 121
189123,55,Male,17,2,5,4,Premium,Monthly,579.77,11,1,Generated feedback 122
189124,53,Male,24,1,3,13,Standard,Quarterly,181.51,5,0,Generated feedback 123
189125,47,Male,33,2,1,21,Basic,Annual,927.97,12,1,Generated feedback 124
189126,49,Female,34,7,7,27,Standard,Annual,203.87,21,1,Generated feedback 125
189127,34,Female,20,9,0,20,Basic,Quarterly,593.3,25,0,Generated feedback 126
189128,20,Male,32,9,4,22,Premium,Quarterly,80.11,4,0,Generated feedback 127
189129,68,Male,4,8,4,22,Premium,Monthly,662.71,16,1,Generated feedback 128
189130,46,Male,12,7,1,16,Standard,Monthly,192.4,5,0,Generated feedback 129
189131,53,Male,35,6,9,25,Basic,Quarterly,347.04,28,1,Generated feedback 130
189132,39,Female,15,9,7,20,Premium,Monthly,727.21,10,0,Generated feedback 131
189133,54,Male,27,9,5,21,Basic,Monthly,725.27,16,1,Generated feedback 132
189134,18,Male,3,8,1,17,Premium,Quarterly,682.88,9,0,Generated feedback 133
189135,33,Male,19,5,4,18,Standard,Annual,217.52,6,0,Generated feedback 134
189136,20,Female,24,3,1,19,Standard,Quarterly,727.43,3,0,Generated feedback 135
189137,19,Male,1,5,6,19,Basic,Monthly,608.37,20,1,Generated feedback 136
189138,65,Male,35,9,2,28,Basic,Annual,227.95,5,0,Generated feedback 137
189139,35,Female,28,5,3,18,Premium,Quarterly,580.7,17,0,Generated feedback 138
189140,18,Male,11,7,6,21,Premium,Annual,803.99,13,0,Generated feedback 139
189141,33,Female,35,7,8,14,Premium,Monthly,144.94,5,0,Generated feedback 140
189142,57,Male,7,1,8,6,Basic,Monthly,69.67,21,1,Generated feedback 141
189143,67,Female,33,2,8,3,Premium,Quarterly,532.46,1,1,Generated feedback 142
189144,52,Female,12,2,1,15,Standard,Monthly,404.51,6,1,Generated feedback 143
189145,59,Female,12,3,0,5,Basic,Monthly,93.04,12,1,Generated feedback 144
189146,57,Male,15,2,5,2,Premium,Annual,640.14,12,0,Generated feedback 145
189147,47,Male,13,6,8,8,Basic,Annual,185.06,14,1,Generated feedback 146
189148,49,Male,33,2,2,27,Standard,Quarterly,523.92,7,0,Generated feedback 147
189149,24,Male,4,1,0,5,Premium,Annual,55.41,22,0,Generated feedback 148
189150,56,Female,13,8,1,18,Premium,Quarterly,806.63,15,0,Generated feedback 149
189151,63,Male,28,5,5,22,Standard,Monthly,73.39,15,0,Generated feedback 150
189152,59,Male,19,8,3,9,Standard,Quarterly,578.14,24,0,Generated feedback 151
189153,66,Male,15,3,9,19,Basic,Quarterly,580.32,7,0,Generated feedback 152
189154,48,Female,18,6,2,14,Basic,Monthly,998.54,19,0,Generated feedback 153
189155,58,Female,5,6,2,18,Standard,Quarterly,436.62,10,1,Generated feedback 154
189156,55,Male,34,4,5,0,Premium,Monthly,800.28,28,1,Generated feedback 155
189157,29,Female,22,1,4,16,Premium,Quarterly,720.38,18,0,Generated feedback 156
189158,52,Female,12,1,5,16,Premium,Quarterly,803.9,23,1,Generated feedback 157
189159,64,Female,6,2,0,21,Premium,Quarterly,946.8,8,1,Generated feedback 158
189160,65,Female,5,5,2,23,Basic,Quarterly,745.71,23,1,Generated feedback 159
189161,60,Female,29,1,2,26,Basic,Annual,465.35,16,0,Generated feedback 160
189162,39,Female,6,4,9,18,Standard,Quarterly,415.37,20,1,Generated feedback 161
189163,45,Female,33,3,7,11,Premium,Quarterly,533.36,10,0,Generated feedback 162
189164,69,Female,18,6,3,15,Basic,Quarterly,727.57,8,0,Generated feedback 163
189165,45,Female,11,4,8,25,Premium,Annual,178.1,29,1,Generated feedback 164
189166,57,Female,8,7,8,11,Premium,Annual,586.26,28,1,Generated feedback 165
189167,42,Female,19,9,3,23,Premium,Monthly,508.42,14,0,Generated feedback 166
189168,27,Female,22,6,0,2,Basic,Annual,830.01,6,1,Generated feedback 167
189169,61,Male,31,2,3,20,Basic,Quarterly,507.99,23,0,Generated feedback 168
189170,25,Female,9,8,7,6,Premium,Quarterly,522.63,28,0,Generated feedback 169
189171,21,Female,23,5,0,19,Premium,Annual,230.37,24,1,Generated feedback 170
189172,42,Male,2,6,7,9,Basic,Annual,972.62,17,0,Generated feedback 171
189173,64,Male,22,3,6,12,Premium,Monthly,761.84,5,0,Generated feedback 172
189174,49,Male,29,8,8,26,Basic,Quarterly,653.54,21,0,Generated feedback 173
189175,64,Male,1,3,3,20,Standard,Annual,176.84,22,0,Generated feedback 174
189176,49,Male,34,4,1,22,Basic,Quarterly,835.91,26,0,Generated feedback 175
189177,34,Female,5,1,9,12,Premium,Monthly,161.67,2,0,Generated feedback 176
189178,50,Female,14,9,0,8,Standard,Quarterly,729.74,1,0,Generated feedback 177
189179,49,Male,32,9,5,24,Standard,Annual,264.62,16,1,Generated feedback 178
189180,37,Female,15,7,3,10,Standard,Annual,439.51,26,0,Generated feedback 179
189181,29,Male,26,2,3,20,Standard,Monthly,884.79,8,0,Generated feedback 180
189182,53,Male,17,5,7,3,Premium,Quarterly,110.39,14,0,Generated feedback 181
189183,30,Female,15,8,2,11,Premium,Monthly,947.49,19,1,Generated feedback 182
189184,22,Male,21,6,2,13,Standard,Quarterly,138.7,6,0,Generated feedback 183
189185,51,Female,1,6,8,29,Premium,Annual,882.8,6,0,Generated feedback 184
189186,69,Male,19,9,4,13,Standard,Quarterly,309.06,26,0,Generated feedback 185
189187,27,Female,26,5,7,29,Basic,Monthly,797.07,9,0,Generated feedback 186
189188,25,Male,24,4,6,27,Premium,Monthly,214.19,11,1,Generated feedback 187
189189,47,Female,6,2,5,8,Basic,Quarterly,896.26,15,0,Generated feedback 188
189190,37,Female,9,4,0,18,Standard,Annual,485.96,26,1,Generated feedback 189
189191,34,Female,26,5,8,16,Basic,Quarterly,903.09,23,0,Generated feedback 190
189192,54,Male,32,5,4,29,Basic,Monthly,468.33,17,0,Generated feedback 191
189193,62,Female,18,4,9,1,Basic,Quarterly,461.19,4,0,Generated feedback 192
189194,46,Female,31,2,8,7,Premium,Quarterly,916.85,2,1,Generated feedback 193
189195,57,Male,35,9,7,16,Basic,Annual,611.52,23,0,Generated feedback 194
189196,18,Male,34,1,2,12,Standard,Annual,424.68,11,0,Generated feedback 195
189197,22,Male,17,9,4,4,Basic,Annual,394.92,24,0,Generated feedback 196
189198,31,Female,31,9,6,12,Standard,Monthly,921.6,1,0,Generated feedback 197
189199,59,Female,3,8,2,0,Standard,Annual,370.98,16,1,Generated feedback 198
189200,34,Female,12,8,7,29,Premium,Monthly,425.01,9,0,Generated feedback 199
189201,42,Female,15,2,6,1,Standard,Quarterly,256.39,20,0,Generated feedback 200
189202,39,Male,32,6,8,11,Premium,Quarterly,384.93,25,1,Generated feedback 201
189203,18,Male,22,6,2,0,Premium,Monthly,853.15,13,0,Generated feedback 202
189204,36,Male,19,6,9,17,Premium,Monthly,508.4,3,0,Generated feedback 203
189205,62,Male,31,5,0,22,Standard,Annual,88.37,24,0,Generated feedback 204
189206,25,Female,19,6,9,24,Basic,Quarterly,353.34,1,0,Generated feedback 205
189207,47,Female,31,9,3,10,Basic,Quarterly,556.03,19,1,Generated feedback 206
189208,56,Male,4,1,4,18,Premium,Quarterly,383.46,7,0,Generated feedback 207
189209,50,Female,7,7,1,27,Basic,Quarterly,320.43,27,1,Generated feedback 208
189210,25,Female,26,7,9,19,Standard,Annual,223.63,18,0,Generated feedback 209
189211,62,Female,29,9,9,0,Premium,Quarterly,258.73,12,0,Generated feedback 210
189212,21,Female,20,2,9,1,Standard,Annual,346.37,17,0,Generated feedback 211
189213,65,Female,33,5,7,14,Premium,Monthly,353.87,11,1,Generated feedback 212
189214,68,Female,11,8,8,9,Basic,Quarterly,987.71,13,1,Generated feedback 213
189215,65,Female,25,3,3,18,Basic,Annual,337.02,14,1,Generated feedback 214
189216,62,Female,11,9,1,24,Basic,Annual,394.44,6,0,Generated feedback 215
189217,54,Male,30,9,9,21,Standard,Quarterly,651.29,27,1,Generated feedback 216
189218,29,Female,23,8,5,10,Basic,Quarterly,394.82,27,1,Generated feedback 217
189219,51,Male,26,1,9,19,Premium,Quarterly,174.69,15,1,Generated feedback 218
189220,40,Female,6,6,3,23,Basic,Monthly,729.48,14,0,Generated feedback 219
189221,62,Female,27,3,8,9,Basic,Monthly,987.4,1,1,Generated feedback 220
189222,56,Male,30,5,3,18,Standard,Quarterly,395.51,25,1,Generated feedback 221
189223,57,Female,3,7,1,19,Standard,Annual,843.78,23,1,Generated feedback 222
189224,67,Male,7,6,3,11,Basic,Monthly,795.06,19,0,Generated feedback 223
189225,64,Male,25,2,7,8,Premium,Annual,432.8,19,1,Generated feedback 224
189226,35,Male,4,7,1,28,Premium,Quarterly,408.38,19,1,Generated feedback 225
189227,39,Male,25,9,5,0,Standard,Quarterly,395.35,21,0,Generated feedback 226
189228,31,Male,20,3,9,5,Premium,Quarterly,470.98,29,1,Generated feedback 227
189229,64,Male,4,2,7,29,Standard,Quarterly,863.12,5,0,Generated feedback 228
189230,44,Female,26,6,7,28,Premium,Monthly,923.26,24,1,Generated feedback 229
189231,69,Female,21,3,9,8,Basic,Quarterly,656.3,5,1,Generated feedback 230
189232,51,Female,1,4,0,4,Standard,Annual,742.72,28,0,Generated feedback 231
189233,30,Female,12,9,4,21,Premium,Monthly,722.3,8,1,Generated feedback 232
189234,56,Female,4,3,0,18,Basic,Monthly,160.64,17,0,Generated feedback 233
189235,44,Female,4,3,6,9,Premium,Monthly,836.93,7,1,Generated feedback 234
189236,64,Female,5,6,9,5,Basic,Monthly,600.69,23,0,Generated feedback 235
189237,37,Female,11,4,6,17,Premium,Annual,366.6,2,0,Generated feedback 236
189238,58,Female,7,1,7,19,Standard,Quarterly,446.87,27,1,Generated feedback 237
189239,60,Female,35,6,9,12,Standard,Annual,653.37,23,0,Generated feedback 238
189240,64,Male,15,4,9,16,Basic,Quarterly,293.71,10,1,Generated feedback 239
189241,49,Female,10,7,8,29,Standard,Monthly,108.43,29,1,Generated feedback 240
189242,67,Female,9,1,5,8,Standard,Monthly,655.15,19,0,Generated feedback 241
189243,39,Female,18,9,7,25,Premium,Monthly,968.35,21,0,Generated feedback 242
189244,29,Male,33,8,2,16,Premium,Quarterly,596.67,6,1,Generated feedback 243
189245,58,Male,32,6,8,15,Standard,Monthly,731.75,24,0,Generated feedback 244
189246,68,Male,26,1,0,3,Standard,Annual,112.26,7,0,Generated feedback 245
189247,30,Male,28,6,9,26,Premium,Quarterly,266.39,22,0,Generated feedback 246
189248,40,Male,29,8,5,12,Standard,Annual,763.49,24,1,Generated feedback 247
189249,68,Female,8,6,4,28,Basic,Monthly,442.79,13,1,Generated feedback 248
189250,41,Male,14,3,8,18,Basic,Quarterly,996.46,14,0,Generated feedback 249
189251,35,Female,33,8,0,16,Premium,Quarterly,875.82,24,1,Generated feedback 250
189252,54,Female,32,7,1,21,Standard,Monthly,68.07,3,1,Generated feedback 251
189253,51,Female,21,2,2,25,Basic,Annual,142.68,2,1,Generated feedback 252
189254,39,Male,17,4,0,9,Standard,Annual,550.0,2,1,Generated feedback 253
189255,51,Female,26,3,0,12,Premium,Quarterly,901.51,18,0,Generated feedback 254
189256,68,Male,17,5,5,24,Standard,Monthly,725.05,18,0,Generated feedback 255
189257,22,Female,12,6,2,2,Premium,Quarterly,874.79,3,1,Generated feedback 256
189258,44,Male,13,2,1,22,Basic,Quarterly,600.47,2,0,Generated feedback 257
189259,19,Male,10,9,9,1,Basic,Quarterly,531.0,9,1,Generated feedback 258
189260,25,Male,33,9,1,28,Premium,Annual,294.4,17,0,Generated feedback 259
189261,29,Female,8,2,6,11,Standard,Quarterly,633.24,23,1,Generated feedback 260
189262,32,Male,30,1,5,12,Premium,Annual,528.73,20,0,Generated feedback 261
189263,56,Male,17,5,1,15,Premium,Quarterly,584.81,29,1,Generated feedback 262
189264,35,Female,15,7,5,14,Basic,Quarterly,52.57,23,0,Generated feedback 263
189265,56,Male,1,2,1,7,Basic,Quarterly,767.48,14,0,Generated feedback 264
189266,34,Male,30,2,1,24,Basic,Monthly,83.67,8,1,Generated feedback 265
189267,21,Female,4,9,5,13,Basic,Annual,782.14,18,0,Generated feedback 266
189268,58,Male,1,4,9,21,Basic,Monthly,583.06,21,0,Generated feedback 267
189269,44,Female,17,5,3,29,Basic,Monthly,342.21,25,1,Generated feedback 268
189270,32,Female,28,6,5,1,Basic,Annual,531.82,23,1,Generated feedback 269
189271,45,Female,28,4,7,1,Premium,Monthly,459.72,6,0,Generated feedback 270
189272,63,Male,14,1,1,24,Basic,Monthly,348.83,5,0,Generated feedback 271
189273,55,Male,7,5,9,18,Basic,Annual,131.59,23,0,Generated feedback 272
189274,42,Male,12,4,0,4,Basic,Monthly,868.58,21,0,Generated feedback 273
189275,43,Male,21,8,2,16,Premium,Annual,179.49,4,1,Generated feedback 274
189276,51,Female,2,6,1,23,Basic,Monthly,370.29,9,0,Generated feedback 275
189277,21,Female,3,1,0,7,Basic,Monthly,282.16,9,1,Generated feedback 276
189278,42,Female,21,3,9,29,Standard,Annual,82.46,20,1,Generated feedback 277
189279,18,Male,6,3,9,13,Basic,Annual,243.8,10,0,Generated feedback 278
189280,26,Female,10,5,5,12,Premium,Annual,744.4,22,1,Generated feedback 279
189281,64,Male,19,8,4,5,Basic,Quarterly,461.59,16,1,Generated feedback 280
189282,32,Male,14,3,2,21,Premium,Quarterly,237.73,22,1,Generated feedback 281
189283,64,Female,34,8,1,23,Premium,Monthly,157.96,6,1,Generated feedback 282
189284,55,Male,4,5,5,21,Basic,Quarterly,221.37,22,1,Generated feedback 283
189285,24,Female,21,3,1,25,Premium,Monthly,822.34,12,1,Generated feedback 284
189286,65,Female,4,4,9,8,Standard,Monthly,201.39,19,1,Generated feedback 285
189287,39,Male,19,4,7,14,Premium,Annual,249.15,4,0,Generated feedback 286
189288,39,Female,17,9,2,22,Premium,Quarterly,275.71,3,0,Generated feedback 287
189289,44,Female,7,1,5,18,Standard,Annual,391.53,16,0,Generated feedback 288
189290,61,Female,28,9,7,9,Basic,Monthly,857.58,28,0,Generated feedback 289
189291,29,Female,16,7,5,18,Standard,Annual,372.82,22,0,Generated feedback 290
189292,23,Female,9,7,4,27,Standard,Monthly,881.46,29,1,Generated feedback 291
189293,38,Female,22,9,9,18,Standard,Annual,377.58,25,1,Generated feedback 292
189294,48,Male,1,7,5,4,Basic,Monthly,854.05,22,1,Generated feedback 293
189295,31,Female,12,3,6,18,Premium,Quarterly,370.25,20,1,Generated feedback 294
189296,44,Female,24,2,4,9,Standard,Quarterly,310.48,26,0,Generated feedback 295
189297,69,Male,5,5,9,23,Premium,Annual,660.56,25,1,Generated feedback 296
189298,31,Female,15,7,3,21,Basic,Monthly,420.76,18,1,Generated feedback 297
189299,25,Female,2,2,3,29,Premium,Quarterly,748.91,3,1,Generated feedback 298
189300,21,Female,4,6,8,14,Standard,Quarterly,384.71,5,0,Generated feedback 299
189301,57,Male,10,3,4,24,Standard,Annual,235.06,11,1,Generated feedback 300
189302,48,Male,20,5,1,16,Premium,Monthly,614.17,4,1,Generated feedback 301
189303,59,Male,20,8,5,7,Basic,Annual,370.91,20,0,Generated feedback 302
189304,23,Male,27,8,6,20,Standard,Annual,606.4,8,0,Generated feedback 303
189305,59,Male,17,4,2,7,Basic,Monthly,960.73,6,0,Generated feedback 304
189306,36,Male,11,1,6,19,Premium,Quarterly,463.73,23,0,Generated feedback 305
189307,48,Female,1,3,1,27,Basic,Quarterly,367.69,3,0,Generated feedback 306
189308,21,Female,2,8,2,15,Standard,Monthly,375.82,8,1,Generated feedback 307
189309,56,Female,6,9,2,9,Premium,Quarterly,638.73,18,0,Generated feedback 308
189310,50,Female,23,1,7,24,Basic,Monthly,50.64,20,0,Generated feedback 309
189311,18,Male,35,2,6,29,Basic,Annual,247.31,28,1,Generated feedback 310
189312,47,Male,23,9,3,7,Basic,Quarterly,722.26,23,0,Generated feedback 311
189313,26,Female,10,2,6,21,Basic,Monthly,605.94,12,0,Generated feedback 312
189314,53,Male,11,4,7,29,Premium,Quarterly,672.81,24,0,Generated feedback 313
189315,26,Female,21,8,1,7,Standard,Quarterly,924.58,28,1,Generated feedback 314
189316,50,Female,24,3,0,22,Standard,Annual,956.32,16,0,Generated feedback 315
189317,25,Male,24,6,4,18,Basic,Annual,223.5,1,1,Generated feedback 316
189318,32,Female,27,7,5,10,Standard,Quarterly,202.03,8,0,Generated feedback 317
189319,21,Male,5,6,3,17,Standard,Annual,912.69,15,0,Generated feedback 318
189320,57,Male,31,7,6,10,Premium,Quarterly,519.24,25,1,Generated feedback 319
189321,62,Female,25,2,8,13,Premium,Quarterly,591.86,12,1,Generated feedback 320
189322,48,Male,27,1,3,0,Basic,Monthly,335.86,2,0,Generated feedback 321
189323,55,Male,21,5,2,0,Standard,Monthly,611.59,17,1,Generated feedback 322
189324,48,Female,19,8,2,1,Basic,Quarterly,751.17,14,0,Generated feedback 323
189325,24,Male,30,8,7,29,Standard,Annual,456.06,29,0,Generated feedback 324
189326,18,Female,35,6,3,21,Premium,Monthly,482.12,17,1,Generated feedback 325
189327,33,Male,1,7,4,11,Basic,Quarterly,937.01,29,1,Generated feedback 326
189328,55,Female,3,3,2,16,Premium,Annual,423.4,21,0,Generated feedback 327
189329,38,Female,21,9,7,3,Standard,Annual,623.88,7,1,Generated feedback 328
189330,56,Female,10,8,3,1,Basic,Annual,971.74,22,1,Generated feedback 329
189331,57,Male,13,1,5,1,Standard,Monthly,660.82,9,1,Generated feedback 330
189332,56,Female,4,3,0,24,Premium,Monthly,179.18,13,0,Generated feedback 331
189333,29,Female,11,4,4,28,Standard,Quarterly,558.65,12,1,Generated feedback 332
189334,58,Female,13,5,7,7,Basic,Annual,483.98,4,0,Generated feedback 333
189335,57,Male,32,2,4,11,Premium,Annual,674.71,13,0,Generated feedback 334
189336,59,Male,14,9,8,2,Premium,Monthly,297.42,6,0,Generated feedback 335
189337,40,Female,8,1,8,27,Basic,Quarterly,146.32,10,1,Generated feedback 336
189338,65,Female,17,7,7,14,Premium,Quarterly,223.63,28,1,Generated feedback 337
189339,41,Female,25,8,3,7,Basic,Quarterly,338.36,21,1,Generated feedback 338
189340,46,Female,10,2,6,0,Basic,Annual,860.77,18,0,Generated feedback 339
189341,54,Male,16,6,5,15,Premium,Annual,472.81,28,1,Generated feedback 340
189342,61,Male,13,7,8,14,Basic,Quarterly,661.52,5,0,Generated feedback 341
189343,37,Female,29,6,7,18,Basic,Annual,94.1,20,0,Generated feedback 342
189344,59,Male,11,3,9,2,Standard,Annual,130.44,9,0,Generated feedback 343
189345,33,Male,29,2,9,9,Premium,Monthly,239.66,23,0,Generated feedback 344
189346,36,Male,30,6,3,12,Basic,Annual,221.74,15,0,Generated feedback 345
189347,42,Male,5,6,9,3,Standard,Quarterly,949.42,7,0,Generated feedback 346
189348,27,Female,16,6,2,2,Basic,Monthly,89.0,9,0,Generated feedback 347
189349,23,Male,33,6,3,22,Premium,Monthly,752.05,14,1,Generated feedback 348
189350,67,Male,31,7,8,5,Standard,Quarterly,457.33,18,1,Generated feedback 349
189351,31,Female,19,4,1,29,Premium,Annual,121.95,4,0,Generated feedback 350
189352,26,Female,9,9,3,25,Standard,Monthly,722.15,8,1,Generated feedback 351
189353,52,Female,33,5,5,1,Standard,Monthly,323.33,4,0,Generated feedback 352
189354,66,Female,32,7,5,28,Basic,Annual,703.43,23,0,Generated feedback 353
189355,68,Female,27,8,7,16,Premium,Quarterly,613.84,29,1,Generated feedback 354
189356,29,Female,13,2,3,13,Standard,Annual,89.68,1,0,Generated feedback 355
189357,39,Female,35,2,7,9,Standard,Quarterly,398.82,11,0,Generated feedback 356
189358,40,Male,32,3,5,5,Standard,Annual,309.74,19,1,Generated feedback 357
189359,64,Female,26,3,1,10,Premium,Monthly,183.73,23,0,Generated feedback 358
189360,19,Female,12,2,9,8,Basic,Quarterly,82.33,11,0,Generated feedback 359
189361,33,Female,32,8,9,19,Standard,Annual,930.49,15,0,Generated feedback 360
189362,64,Female,14,5,1,1,Premium,Annual,685.36,24,0,Generated feedback 361
189363,49,Female,21,9,5,21,Premium,Monthly,715.0,11,1,Generated feedback 362
189364,66,Female,16,8,9,25,Premium,Quarterly,664.67,28,1,Generated feedback 363
189365,28,Female,35,2,5,15,Standard,Quarterly,590.3,27,0,Generated feedback 364
189366,45,Female,13,3,3,25,Premium,Annual,61.17,18,1,Generated feedback 365
189367,29,Female,26,5,8,7,Standard,Quarterly,58.16,19,1,Generated feedback 366
189368,41,Male,2,5,3,3,Basic,Annual,431.83,19,0,Generated feedback 367
189369,46,Female,11,8,2,6,Premium,Quarterly,539.97,7,0,Generated feedback 368
189370,69,Female,30,2,8,26,Basic,Annual,94.33,22,0,Generated feedback 369
189371,18,Female,28,1,9,3,Standard,Monthly,898.53,11,0,Generated feedback 370
189372,45,Male,19,7,7,11,Standard,Annual,142.88,6,1,Generated feedback 371
189373,46,Female,6,2,7,20,Basic,Quarterly,876.96,25,0,Generated feedback 372
189374,55,Male,26,4,5,13,Standard,Annual,434.9,1,0,Generated feedback 373
189375,57,Female,3,4,7,13,Premium,Quarterly,185.89,12,0,Generated feedback 374
189376,41,Female,15,6,6,12,Basic,Monthly,50.81,14,1,Generated feedback 375
189377,46,Male,26,8,7,15,Basic,Monthly,747.68,16,1,Generated feedback 376
189378,29,Female,16,5,2,15,Standard,Annual,211.41,23,0,Generated feedback 377
189379,45,Male,32,9,5,12,Standard,Annual,441.23,23,0,Generated feedback 378
189380,42,Male,4,6,9,11,Basic,Monthly,151.3,15,0,Generated feedback 379
189381,32,Male,29,5,8,2,Premium,Monthly,822.39,22,0,Generated feedback 380
189382,58,Male,2,5,1,18,Basic,Quarterly,440.73,26,1,Generated feedback 381
189383,25,Male,24,5,8,21,Standard,Monthly,888.42,18,0,Generated feedback 382
189384,23,Male,6,7,1,1,Standard,Annual,905.56,24,1,Generated feedback 383
189385,65,Male,22,6,5,3,Premium,Annual,229.63,9,0,Generated feedback 384
189386,66,Female,19,8,1,25,Basic,Monthly,205.92,26,0,Generated feedback 385
189387,30,Female,19,4,4,8,Standard,Quarterly,840.2,23,0,Generated feedback 386
189388,65,Female,12,6,6,1,Premium,Annual,77.56,5,1,Generated feedback 387
189389,47,Female,8,2,3,2,Basic,Monthly,738.56,4,0,Generated feedback 388
189390,20,Female,3,2,6,0,Standard,Quarterly,520.11,28,0,Generated feedback 389
189391,36,Female,26,7,6,6,Premium,Annual,94.82,18,0,Generated feedback 390
189392,67,Male,13,3,1,7,Premium,Quarterly,796.22,14,0,Generated feedback 391
189393,25,Female,29,6,2,23,Premium,Monthly,591.34,27,0,Generated feedback 392
189394,63,Male,24,4,7,1,Premium,Monthly,173.49,7,0,Generated feedback 393
189395,27,Female,2,1,2,1,Standard,Quarterly,698.1,25,1,Generated feedback 394
189396,32,Female,2,2,8,8,Basic,Quarterly,856.8,9,1,Generated feedback 395
189397,48,Male,4,4,2,2,Basic,Annual,598.25,3,1,Generated feedback 396
189398,51,Male,29,5,2,19,Standard,Quarterly,265.08,19,1,Generated feedback 397
189399,20,Female,4,3,9,19,Premium,Quarterly,284.86,8,1,Generated feedback 398
189400,20,Male,25,3,1,22,Premium,Quarterly,542.56,19,0,Generated feedback 399
189401,60,Female,27,6,9,0,Standard,Monthly,315.46,24,0,Generated feedback 400
189402,54,Female,6,8,9,12,Premium,Quarterly,778.58,28,0,Generated feedback 401
189403,25,Female,35,9,9,26,Premium,Annual,996.28,3,0,Generated feedback 402
189404,38,Male,13,2,4,26,Standard,Monthly,419.24,4,0,Generated feedback 403
189405,36,Male,3,1,1,11,Premium,Quarterly,950.33,9,0,Generated feedback 404
189406,32,Female,12,7,2,28,Basic,Annual,659.13,18,0,Generated feedback 405
189407,38,Female,1,2,6,24,Basic,Annual,318.49,8,0,Generated feedback 406
189408,59,Female,28,6,3,22,Standard,Quarterly,781.17,6,0,Generated feedback 407
189409,39,Male,4,5,7,0,Premium,Quarterly,378.19,5,1,Generated feedback 408
189410,22,Male,5,5,3,10,Basic,Quarterly,609.64,6,1,Generated feedback 409
189411,47,Male,8,6,3,1,Premium,Quarterly,355.75,21,0,Generated feedback 410
189412,51,Female,8,2,9,1,Basic,Monthly,549.19,16,1,Generated feedback 411
189413,19,Female,29,5,8,11,Premium,Annual,546.79,26,1,Generated feedback 412
189414,49,Female,14,6,4,15,Standard,Annual,146.98,8,0,Generated feedback 413
189415,52,Male,2,8,9,14,Basic,Monthly,535.29,4,0,Generated feedback 414
189416,22,Male,22,6,4,9,Standard,Monthly,916.19,5,1,Generated feedback 415
189417,46,Male,34,7,6,18,Premium,Annual,829.89,10,0,Generated feedback 416
189418,43,Male,20,3,8,15,Basic,Annual,278.14,5,1,Generated feedback 417
189419,41,Female,13,9,9,15,Basic,Monthly,387.48,2,1,Generated feedback 418
189420,43,Female,17,9,3,23,Basic,Monthly,456.73,2,1,Generated feedback 419
189421,39,Female,15,9,7,19,Premium,Monthly,498.33,19,1,Generated feedback 420
189422,53,Female,1,5,2,7,Basic,Annual,597.98,13,1,Generated feedback 421
189423,22,Female,1,7,1,14,Premium,Annual,686.87,5,0,Generated feedback 422
189424,25,Female,5,7,1,18,Basic,Monthly,274.93,18,1,Generated feedback 423
189425,47,Male,22,9,6,15,Basic,Annual,961.43,7,1,Generated feedback 424
189426,49,Female,19,6,5,7,Standard,Monthly,730.64,23,1,Generated feedback 425
189427,47,Male,29,8,0,18,Standard,Annual,788.61,3,1,Generated feedback 426
189428,53,Male,3,3,0,14,Premium,Annual,623.62,12,1,Generated feedback 427
189429,30,Male,30,3,9,10,Premium,Quarterly,766.27,24,1,Generated feedback 428
189430,31,Male,11,5,0,20,Premium,Annual,71.33,4,0,Generated feedback 429
189431,45,Female,12,6,0,11,Standard,Annual,962.06,29,0,Generated feedback 430
189432,39,Female,2,5,3,21,Standard,Monthly,226.17,27,0,Generated feedback 431
189433,20,Female,23,3,5,11,Basic,Annual,386.83,5,0,Generated feedback 432
189434,19,Female,11,3,3,26,Basic,Annual,115.54,5,1,Generated feedback 433
189435,38,Female,24,8,3,24,Standard,Monthly,405.45,15,0,Generated feedback 434
189436,66,Female,18,1,6,3,Standard,Annual,71.96,18,1,Generated feedback 435
189437,60,Female,34,8,9,4,Standard,Monthly,567.32,13,1,Generated feedback 436
189438,65,Male,23,7,8,0,Standard,Quarterly,505.57,3,0,Generated feedback 437
189439,23,Female,29,5,7,18,Basic,Monthly,790.27,10,0,Generated feedback 438
189440,21,Male,20,5,2,2,Premium,Annual,894.95,20,0,Generated feedback 439
189441,20,Male,22,4,7,9,Premium,Quarterly,983.24,6,0,Generated feedback 440
189442,34,Male,25,8,1,8,Standard,Quarterly,705.39,9,0,Generated feedback 441
189443,48,Female,30,2,9,21,Standard,Annual,603.37,20,0,Generated feedback 442
189444,57,Female,5,8,6,2,Premium,Quarterly,211.25,23,0,Generated feedback 443
189445,57,Female,8,7,9,25,Premium,Monthly,713.04,14,1,Generated feedback 444
189446,32,Female,26,8,6,3,Premium,Monthly,448.89,18,1,Generated feedback 445
189447,54,Male,28,6,4,0,Standard,Quarterly,307.54,7,1,Generated feedback 446
189448,46,Female,31,9,0,20,Basic,Quarterly,343.9,17,1,Generated feedback 447
189449,21,Female,17,4,1,17,Premium,Annual,991.24,27,0,Generated feedback 448
189450,47,Male,11,9,8,4,Standard,Annual,102.66,7,0,Generated feedback 449
189451,23,Female,1,3,5,13,Basic,Monthly,845.8,9,0,Generated feedback 450
189452,23,Female,24,9,7,1,Standard,Monthly,168.34,1,0,Generated feedback 451
189453,32,Male,16,9,9,21,Basic,Annual,389.98,21,1,Generated feedback 452
189454,62,Female,10,2,9,6,Standard,Monthly,184.77,24,1,Generated feedback 453
189455,69,Male,12,3,2,6,Standard,Annual,857.03,1,0,Generated feedback 454
189456,65,Male,13,3,9,13,Premium,Annual,107.66,15,1,Generated feedback 455
189457,59,Female,31,3,8,4,Standard,Annual,758.97,26,1,Generated feedback 456
189458,55,Female,2,7,1,10,Basic,Quarterly,304.6,24,0,Generated feedback 457
189459,21,Female,34,6,7,7,Basic,Annual,653.91,4,0,Generated feedback 458
189460,43,Male,25,4,2,1,Basic,Annual,176.16,22,1,Generated feedback 459
189461,36,Female,14,5,9,3,Basic,Annual,933.55,21,0,Generated feedback 460
189462,60,Male,33,3,1,0,Premium,Annual,353.94,20,0,Generated feedback 461
189463,50,Male,24,1,6,0,Standard,Monthly,641.72,21,1,Generated feedback 462
189464,50,Male,29,6,9,9,Premium,Quarterly,81.84,16,1,Generated feedback 463
189465,32,Male,12,6,2,17,Basic,Monthly,397.09,4,0,Generated feedback 464
189466,34,Male,23,6,0,21,Basic,Monthly,570.38,19,0,Generated feedback 465
189467,36,Male,33,8,9,7,Premium,Quarterly,107.62,18,1,Generated feedback 466
189468,47,Female,23,5,3,4,Basic,Monthly,445.62,19,1,Generated feedback 467
189469,43,Male,27,2,2,19,Standard,Quarterly,803.53,20,0,Generated feedback 468
189470,42,Male,12,7,3,18,Standard,Quarterly,823.31,14,1,Generated feedback 469
189471,65,Female,15,5,5,22,Basic,Monthly,291.6,7,1,Generated feedback 470
189472,67,Male,10,6,8,1,Premium,Annual,673.25,21,1,Generated feedback 471
189473,62,Female,7,4,3,20,Basic,Quarterly,656.13,28,1,Generated feedback 472
189474,48,Female,10,4,9,10,Basic,Quarterly,410.06,17,1,Generated feedback 473
189475,25,Female,27,7,1,7,Basic,Quarterly,411.04,2,1,Generated feedback 474
189476,28,Female,19,1,1,9,Standard,Annual,213.21,15,1,Generated feedback 475
189477,19,Female,6,7,8,2,Standard,Quarterly,63.92,8,0,Generated feedback 476
189478,57,Male,20,2,7,17,Basic,Monthly,276.79,8,0,Generated feedback 477
189479,36,Male,14,2,8,6,Standard,Quarterly,607.4,20,0,Generated feedback 478
189480,28,Male,17,3,8,4,Standard,Quarterly,167.28,11,0,Generated feedback 479
189481,23,Female,6,7,9,26,Premium,Annual,500.04,12,0,Generated feedback 480
189482,47,Female,31,5,6,19,Premium,Quarterly,439.35,11,0,Generated feedback 481
189483,34,Female,7,8,3,7,Basic,Monthly,565.02,6,0,Generated feedback 482
189484,64,Male,3,7,7,22,Basic,Monthly,83.6,6,1,Generated feedback 483
189485,51,Female,16,3,8,13,Premium,Quarterly,479.8,21,0,Generated feedback 484
189486,49,Male,22,4,8,29,Basic,Monthly,197.38,13,0,Generated feedback 485
189487,52,Female,2,6,4,9,Standard,Monthly,754.83,24,1,Generated feedback 486
189488,40,Female,26,4,7,25,Premium,Annual,626.86,21,1,Generated feedback 487
189489,19,Female,16,2,5,12,Basic,Annual,550.92,27,1,Generated feedback 488
189490,44,Female,32,6,5,21,Premium,Monthly,791.91,21,1,Generated feedback 489
189491,32,Female,8,3,9,9,Premium,Quarterly,877.15,11,1,Generated feedback 490
189492,50,Female,30,7,5,18,Premium,Annual,618.76,7,0,Generated feedback 491
189493,34,Male,13,8,7,21,Basic,Quarterly,837.14,17,1,Generated feedback 492
189494,24,Female,31,3,1,5,Standard,Annual,822.46,12,0,Generated feedback 493
189495,69,Male,16,9,9,18,Premium,Quarterly,485.61,11,0,Generated feedback 494
189496,37,Male,23,9,3,13,Premium,Quarterly,704.06,10,1,Generated feedback 495
189497,41,Female,3,9,6,3,Standard,Monthly,755.72,14,1,Generated feedback 496
189498,25,Male,19,8,3,29,Standard,Quarterly,51.04,24,0,Generated feedback 497
189499,34,Female,18,1,5,7,Standard,Quarterly,54.66,29,0,Generated feedback 498
189500,22,Male,9,1,9,0,Standard,Quarterly,641.04,25,0,Generated feedback 499
189501,44,Female,5,5,7,10,Standard,Quarterly,155.49,4,0,Generated feedback 500
189502,60,Female,17,1,5,13,Premium,Annual,431.9,24,0,Generated feedback 501
189503,53,Female,29,5,0,10,Basic,Annual,533.6,12,1,Generated feedback 502
189504,66,Female,5,6,8,16,Basic,Quarterly,534.47,16,1,Generated feedback 503
189505,40,Male,14,9,5,16,Premium,Annual,598.53,17,1,Generated feedback 504
189506,36,Female,4,9,1,5,Standard,Annual,677.9,7,1,Generated feedback 505
189507,53,Male,23,1,1,10,Basic,Quarterly,600.34,3,0,Generated feedback 506
189508,55,Male,23,4,6,15,Standard,Annual,750.07,22,1,Generated feedback 507
189509,41,Female,29,5,5,1,Basic,Monthly,378.69,15,1,Generated feedback 508
189510,48,Female,4,2,8,23,Basic,Monthly,454.69,24,1,Generated feedback 509
189511,28,Male,27,8,9,8,Premium,Annual,195.68,11,1,Generated feedback 510
189512,31,Female,31,3,8,26,Standard,Quarterly,284.68,29,0,Generated feedback 511
189513,49,Female,24,7,1,27,Standard,Monthly,154.77,12,0,Generated feedback 512
189514,31,Female,15,9,0,25,Premium,Quarterly,460.05,22,0,Generated feedback 513
189515,19,Male,17,9,4,28,Basic,Monthly,78.45,5,0,Generated feedback 514
189516,67,Female,13,7,7,10,Standard,Quarterly,877.4,15,0,Generated feedback 515
189517,56,Male,5,6,4,22,Basic,Annual,261.15,24,1,Generated feedback 516
189518,50,Male,31,7,7,22,Basic,Quarterly,841.39,2,1,Generated feedback 517
189519,46,Female,20,6,6,18,Standard,Quarterly,275.85,26,1,Generated feedback 518
189520,65,Male,15,6,3,11,Basic,Annual,989.05,10,0,Generated feedback 519
189521,39,Male,35,9,5,19,Basic,Monthly,99.45,4,1,Generated feedback 520
189522,62,Male,32,9,1,19,Basic,Quarterly,669.97,8,0,Generated feedback 521
189523,65,Male,18,4,1,8,Premium,Monthly,869.72,28,1,Generated feedback 522
189524,61,Female,19,3,5,7,Basic,Annual,589.33,6,1,Generated feedback 523
189525,53,Male,12,1,4,26,Standard,Quarterly,266.83,20,0,Generated feedback 524
189526,29,Female,22,2,1,27,Premium,Quarterly,258.6,19,0,Generated feedback 525
189527,42,Female,14,8,5,14,Standard,Monthly,332.98,18,1,Generated feedback 526
189528,50,Male,26,2,1,7,Basic,Annual,193.97,25,0,Generated feedback 527
189529,23,Male,26,8,6,26,Premium,Annual,727.21,5,1,Generated feedback 528
189530,18,Male,31,6,2,24,Standard,Annual,564.0,1,0,Generated feedback 529
189531,68,Female,23,2,8,5,Premium,Annual,975.5,25,1,Generated feedback 530
189532,44,Female,16,7,2,18,Standard,Quarterly,459.71,28,0,Generated feedback 531
189533,41,Female,18,2,7,18,Premium,Quarterly,268.47,21,1,Generated feedback 532
189534,42,Male,25,4,6,18,Premium,Annual,924.03,9,1,Generated feedback 533
189535,52,Male,35,1,3,2,Premium,Quarterly,698.87,20,1,Generated feedback 534
189536,38,Male,6,6,1,2,Standard,Quarterly,82.04,3,1,Generated feedback 535
189537,41,Male,24,2,5,28,Standard,Quarterly,835.79,19,0,Generated feedback 536
189538,43,Female,1,3,2,3,Premium,Quarterly,426.28,5,0,Generated feedback 537
189539,68,Female,2,9,7,2,Basic,Annual,393.15,7,0,Generated feedback 538
189540,28,Male,31,9,8,17,Premium,Quarterly,615.89,14,1,Generated feedback 539
189541,36,Male,12,4,2,25,Premium,Monthly,691.69,13,1,Generated feedback 540
189542,28,Male,12,3,0,27,Basic,Monthly,311.85,8,0,Generated feedback 541
189543,62,Female,15,4,5,14,Standard,Monthly,989.86,2,1,Generated feedback 542
189544,33,Female,21,8,6,28,Standard,Annual,992.31,11,0,Generated feedback 543
189545,59,Male,29,4,7,1,Premium,Quarterly,261.03,23,0,Generated feedback 544
189546,43,Male,33,2,6,13,Premium,Monthly,901.85,22,0,Generated feedback 545
189547,30,Female,24,3,4,21,Basic,Quarterly,563.56,25,0,Generated feedback 546
189548,38,Female,35,6,6,18,Basic,Annual,466.76,1,0,Generated feedback 547
189549,67,Male,29,8,4,14,Basic,Quarterly,729.26,14,0,Generated feedback 548
189550,32,Male,15,5,8,23,Standard,Quarterly,276.64,22,1,Generated feedback 549
189551,53,Male,33,4,5,13,Basic,Monthly,291.52,29,0,Generated feedback 550
189552,25,Female,2,9,6,1,Basic,Annual,393.85,15,1,Generated feedback 551
189553,34,Female,22,2,0,2,Premium,Annual,762.01,6,1,Generated feedback 552
189554,24,Male,31,6,2,28,Basic,Quarterly,125.28,5,0,Generated feedback 553
189555,33,Female,8,9,2,8,Premium,Annual,236.4,26,1,Generated feedback 554
189556,34,Male,13,2,4,2,Premium,Annual,857.58,19,1,Generated feedback 555
189557,41,Female,5,7,3,27,Standard,Monthly,225.64,21,1,Generated feedback 556
189558,55,Male,29,1,1,5,Standard,Monthly,345.09,1,0,Generated feedback 557
189559,66,Female,22,8,6,18,Premium,Annual,276.0,21,0,Generated feedback 558
189560,63,Female,21,4,6,1,Premium,Annual,932.07,3,0,Generated feedback 559
189561,55,Female,3,6,5,17,Standard,Quarterly,498.42,16,1,Generated feedback 560
189562,65,Female,9,7,2,13,Basic,Quarterly,201.56,13,1,Generated feedback 561
189563,19,Female,20,5,6,23,Premium,Monthly,689.21,29,0,Generated feedback 562
189564,61,Female,29,5,8,29,Standard,Monthly,850.39,23,0,Generated feedback 563
189565,65,Male,18,2,2,15,Premium,Monthly,827.95,22,0,Generated feedback 564
189566,61,Female,18,2,4,26,Basic,Quarterly,659.05,23,1,Generated feedback 565
189567,58,Female,34,3,2,27,Premium,Monthly,487.63,4,1,Generated feedback 566
189568,51,Female,31,7,7,15,Premium,Annual,835.36,20,0,Generated feedback 567
189569,26,Male,2,1,0,15,Premium,Monthly,238.62,15,0,Generated feedback 568
189570,34,Male,28,2,6,26,Standard,Monthly,154.33,1,0,Generated feedback 569
189571,52,Female,2,4,9,15,Standard,Quarterly,256.21,19,1,Generated feedback 570
189572,34,Male,21,1,3,6,Standard,Quarterly,974.67,27,1,Generated feedback 571
189573,56,Male,21,8,5,7,Standard,Quarterly,738.61,2,1,Generated feedback 572
189574,56,Male,22,3,2,22,Basic,Monthly,283.68,22,1,Generated feedback 573
189575,68,Female,8,1,0,20,Premium,Annual,875.38,26,0,Generated feedback 574
189576,23,Male,34,4,9,4,Basic,Annual,495.95,12,0,Generated feedback 575
189577,19,Male,34,9,6,3,Standard,Monthly,401.03,23,0,Generated feedback 576
189578,20,Male,20,1,6,12,Basic,Annual,54.79,11,1,Generated feedback 577
189579,39,Female,29,8,2,22,Basic,Monthly,393.71,7,1,Generated feedback 578
189580,38,Female,11,3,8,7,Standard,Annual,906.47,29,0,Generated feedback 579
189581,19,Male,24,1,6,3,Basic,Annual,732.68,19,1,Generated feedback 580
189582,61,Male,31,6,0,19,Standard,Annual,319.34,2,1,Generated feedback 581
189583,26,Female,6,2,7,23,Premium,Annual,892.42,29,0,Generated feedback 582
189584,42,Male,20,2,5,15,Standard,Quarterly,59.01,13,0,Generated feedback 583
189585,48,Female,21,9,8,19,Premium,Annual,912.4,9,0,Generated feedback 584
189586,51,Male,28,2,7,16,Standard,Annual,256.92,15,1,Generated feedback 585
189587,29,Male,35,3,5,19,Standard,Quarterly,904.94,20,0,Generated feedback 586
189588,28,Male,23,6,7,5,Standard,Annual,89.58,12,0,Generated feedback 587
189589,45,Female,32,4,9,2,Premium,Monthly,603.13,10,0,Generated feedback 588
189590,38,Male,12,1,8,1,Premium,Annual,120.74,3,1,Generated feedback 589
189591,43,Female,10,3,6,4,Basic,Monthly,58.26,7,0,Generated feedback 590
189592,42,Female,16,8,9,8,Premium,Annual,162.86,9,1,Generated feedback 591
189593,58,Male,26,4,8,6,Standard,Quarterly,324.58,22,1,Generated feedback 592
189594,66,Female,17,9,1,21,Premium,Quarterly,891.49,24,0,Generated feedback 593
189595,21,Female,4,5,8,11,Basic,Annual,760.23,25,0,Generated feedback 594
189596,21,Female,9,6,2,17,Basic,Quarterly,467.14,10,1,Generated feedback 595
189597,29,Female,13,5,4,17,Standard,Monthly,735.88,7,0,Generated feedback 596
189598,32,Male,6,9,8,29,Standard,Annual,238.47,17,0,Generated feedback 597
189599,59,Male,6,5,3,11,Standard,Monthly,973.55,24,0,Generated feedback 598
189600,32,Female,34,8,9,8,Basic,Monthly,454.02,1,1,Generated feedback 599
189601,67,Female,27,2,9,3,Basic,Quarterly,671.12,25,0,Generated feedback 600
189602,42,Female,23,4,1,21,Basic,Monthly,77.21,8,0,Generated feedback 601
189603,38,Male,13,8,0,18,Premium,Annual,638.64,8,0,Generated feedback 602
189604,52,Female,4,5,1,16,Standard,Annual,771.67,8,0,Generated feedback 603
189605,62,Female,2,5,4,9,Basic,Monthly,53.04,7,1,Generated feedback 604
189606,66,Male,16,3,3,25,Premium,Monthly,884.44,1,1,Generated feedback 605
189607,35,Male,21,5,1,3,Basic,Quarterly,532.17,6,1,Generated feedback 606
189608,63,Male,10,4,3,26,Premium,Monthly,874.27,22,1,Generated feedback 607
189609,44,Male,29,3,4,7,Standard,Monthly,489.95,15,1,Generated feedback 608
189610,46,Female,34,6,8,14,Basic,Annual,654.08,17,1,Generated feedback 609
189611,67,Male,35,8,9,25,Premium,Monthly,849.52,26,1,Generated feedback 610
189612,27,Female,10,8,8,22,Premium,Monthly,526.13,17,1,Generated feedback 611
189613,31,Female,8,8,5,7,Basic,Monthly,263.18,8,0,Generated feedback 612
189614,37,Male,2,4,8,3,Standard,Quarterly,72.77,15,1,Generated feedback 613
189615,37,Male,6,4,4,15,Premium,Monthly,747.81,9,0,Generated feedback 614
189616,24,Female,6,7,4,3,Basic,Annual,771.38,26,1,Generated feedback 615
189617,58,Male,2,2,3,1,Premium,Annual,981.54,12,0,Generated feedback 616
189618,37,Male,31,6,8,26,Premium,Monthly,309.7,3,1,Generated feedback 617
189619,28,Female,29,9,7,0,Basic,Monthly,410.74,13,1,Generated feedback 618
189620,64,Male,24,8,3,28,Basic,Quarterly,340.79,10,0,Generated feedback 619
189621,50,Male,35,8,6,8,Standard,Quarterly,91.37,10,1,Generated feedback 620
189622,31,Male,8,6,9,19,Standard,Annual,971.42,5,1,Generated feedback 621
189623,52,Male,29,2,9,27,Premium,Annual,373.06,12,1,Generated feedback 622
189624,66,Female,32,7,0,7,Basic,Quarterly,311.56,5,1,Generated feedback 623
189625,56,Female,1,3,8,1,Basic,Monthly,260.33,22,1,Generated feedback 624
189626,52,Female,12,1,7,18,Premium,Quarterly,274.88,12,0,Generated feedback 625
189627,56,Male,35,5,9,21,Premium,Monthly,377.76,5,0,Generated feedback 626
189628,44,Female,27,6,6,0,Standard,Annual,382.25,4,1,Generated feedback 627
189629,18,Male,3,3,6,25,Basic,Quarterly,139.98,5,1,Generated feedback 628
189630,52,Female,8,6,2,2,Premium,Monthly,208.81,14,0,Generated feedback 629
189631,52,Male,25,1,2,16,Standard,Quarterly,834.94,6,0,Generated feedback 630
189632,45,Male,23,1,2,3,Basic,Monthly,951.7,15,1,Generated feedback 631
189633,47,Female,2,1,9,22,Premium,Monthly,305.17,10,1,Generated feedback 632
189634,49,Male,7,7,2,6,Premium,Monthly,557.71,15,0,Generated feedback 633
189635,26,Female,31,9,7,18,Standard,Quarterly,303.96,13,1,Generated feedback 634
189636,41,Male,22,8,7,29,Standard,Annual,999.96,10,0,Generated feedback 635
189637,56,Female,1,8,0,7,Basic,Quarterly,283.33,23,0,Generated feedback 636
189638,36,Female,11,8,3,22,Basic,Annual,701.37,25,1,Generated feedback 637
189639,28,Male,5,7,3,0,Premium,Quarterly,486.62,4,1,Generated feedback 638
189640,33,Female,4,7,8,4,Basic,Annual,373.51,15,1,Generated feedback 639
189641,67,Female,4,4,6,25,Premium,Quarterly,891.26,6,1,Generated feedback 640
189642,19,Female,2,6,8,18,Premium,Annual,630.92,5,1,Generated feedback 641
189643,45,Female,25,9,2,25,Standard,Monthly,447.02,19,1,Generated feedback 642
189644,52,Male,10,3,6,15,Premium,Quarterly,945.26,1,0,Generated feedback 643
189645,51,Male,3,1,9,18,Standard,Annual,334.12,7,0,Generated feedback 644
189646,31,Male,13,3,1,6,Premium,Annual,589.42,23,0,Generated feedback 645
189647,20,Male,1,1,1,25,Premium,Annual,270.22,4,1,Generated feedback 646
189648,64,Female,21,7,4,14,Standard,Quarterly,345.65,7,1,Generated feedback 647
189649,64,Female,10,4,6,23,Basic,Quarterly,258.2,7,1,Generated feedback 648
189650,54,Male,25,8,5,12,Basic,Monthly,514.12,28,1,Generated feedback 649
189651,36,Male,10,6,1,7,Basic,Annual,421.68,16,1,Generated feedback 650
189652,25,Male,31,9,2,8,Standard,Annual,800.14,6,0,Generated feedback 651
189653,68,Male,21,8,8,10,Standard,Monthly,622.07,15,0,Generated feedback 652
189654,19,Male,20,8,8,14,Standard,Quarterly,129.33,2,1,Generated feedback 653
189655,20,Female,9,1,2,4,Standard,Monthly,808.14,26,1,Generated feedback 654
189656,38,Female,34,9,5,25,Premium,Annual,252.32,17,0,Generated feedback 655
189657,48,Female,9,5,1,4,Premium,Annual,728.56,5,1,Generated feedback 656
189658,66,Male,24,6,3,9,Standard,Quarterly,452.61,15,1,Generated feedback 657
189659,44,Male,3,3,8,29,Basic,Monthly,683.3,9,0,Generated feedback 658
189660,63,Male,25,6,8,11,Premium,Monthly,295.62,28,1,Generated feedback 659
189661,58,Male,5,1,5,1,Standard,Monthly,566.38,3,0,Generated feedback 660
189662,22,Male,34,2,0,28,Basic,Monthly,404.81,14,1,Generated feedback 661
189663,18,Female,22,7,2,1,Standard,Monthly,508.4,16,0,Generated feedback 662
189664,27,Male,35,6,7,16,Premium,Monthly,148.16,4,1,Generated feedback 663
189665,46,Female,8,1,2,0,Premium,Quarterly,970.89,16,1,Generated feedback 664
189666,69,Female,31,4,4,26,Basic,Annual,669.11,16,0,Generated feedback 665
189667,18,Male,12,1,8,2,Standard,Quarterly,180.16,9,0,Generated feedback 666
189668,63,Male,27,5,1,6,Premium,Monthly,324.13,24,0,Generated feedback 667
189669,32,Female,24,1,5,4,Premium,Monthly,696.12,17,0,Generated feedback 668
189670,41,Male,19,9,4,11,Premium,Monthly,416.08,10,1,Generated feedback 669
189671,22,Male,15,7,5,18,Basic,Annual,85.35,5,0,Generated feedback 670
189672,51,Female,3,9,6,4,Premium,Annual,443.43,27,0,Generated feedback 671
189673,57,Female,14,8,5,4,Basic,Monthly,92.78,2,1,Generated feedback 672
189674,56,Male,11,5,1,20,Standard,Monthly,437.82,16,0,Generated feedback 673
189675,59,Male,24,3,0,19,Standard,Quarterly,424.83,16,0,Generated feedback 674
189676,21,Female,26,8,9,25,Basic,Annual,451.37,1,1,Generated feedback 675
189677,32,Female,30,7,7,29,Basic,Annual,189.4,3,1,Generated feedback 676
189678,63,Female,32,1,3,26,Premium,Quarterly,654.84,7,1,Generated feedback 677
189679,63,Male,25,3,6,8,Basic,Monthly,937.23,5,1,Generated feedback 678
189680,68,Male,6,1,3,17,Basic,Monthly,235.29,4,1,Generated feedback 679
189681,61,Female,2,2,4,17,Basic,Annual,682.19,16,1,Generated feedback 680
189682,52,Male,3,3,9,13,Standard,Annual,695.75,23,0,Generated feedback 681
189683,49,Female,1,4,7,24,Standard,Annual,94.39,3,0,Generated feedback 682
189684,62,Male,24,9,2,20,Basic,Monthly,925.0,9,0,Generated feedback 683
189685,34,Male,11,1,8,21,Standard,Quarterly,964.92,27,0,Generated feedback 684
189686,26,Female,22,9,5,19,Standard,Monthly,57.02,7,1,Generated feedback 685
189687,39,Male,28,4,3,24,Premium,Quarterly,463.83,6,1,Generated feedback 686
189688,29,Male,27,7,5,10,Standard,Annual,192.1,6,1,Generated feedback 687
189689,42,Female,23,7,3,12,Standard,Quarterly,134.42,1,1,Generated feedback 688
189690,42,Female,6,5,1,21,Basic,Monthly,167.56,2,1,Generated feedback 689
189691,32,Male,10,1,4,18,Basic,Quarterly,823.02,9,1,Generated feedback 690
189692,57,Female,29,8,6,26,Basic,Quarterly,534.1,26,0,Generated feedback 691
189693,40,Male,16,4,8,9,Standard,Annual,204.38,7,1,Generated feedback 692
189694,33,Female,5,9,0,1,Basic,Annual,160.09,13,1,Generated feedback 693
189695,67,Male,31,2,0,3,Standard,Quarterly,341.36,16,1,Generated feedback 694
189696,30,Male,1,4,2,20,Premium,Annual,492.12,13,1,Generated feedback 695
189697,54,Male,26,4,3,19,Basic,Annual,483.79,15,1,Generated feedback 696
189698,36,Male,32,4,3,2,Basic,Quarterly,911.26,21,1,Generated feedback 697
189699,34,Female,2,6,6,19,Standard,Monthly,384.86,19,0,Generated feedback 698
189700,18,Male,23,1,0,13,Premium,Quarterly,320.31,27,0,Generated feedback 699
189701,34,Male,31,3,7,3,Basic,Annual,761.33,10,1,Generated feedback 700
189702,60,Female,29,8,8,5,Premium,Annual,957.17,16,0,Generated feedback 701
189703,40,Female,26,7,2,19,Basic,Quarterly,237.21,3,1,Generated feedback 702
189704,56,Male,12,4,8,3,Basic,Quarterly,695.45,29,0,Generated feedback 703
189705,68,Male,1,3,5,2,Basic,Quarterly,985.15,10,0,Generated feedback 704
189706,61,Male,16,8,5,12,Premium,Annual,347.92,15,1,Generated feedback 705
189707,64,Female,19,9,6,3,Standard,Annual,879.02,1,1,Generated feedback 706
189708,36,Female,34,9,2,11,Standard,Monthly,349.12,21,1,Generated feedback 707
189709,44,Female,24,1,3,27,Basic,Quarterly,765.61,8,1,Generated feedback 708
189710,26,Male,4,3,2,22,Basic,Quarterly,688.27,7,0,Generated feedback 709
189711,50,Female,35,7,2,6,Premium,Monthly,235.26,14,1,Generated feedback 710
189712,32,Male,7,5,3,3,Standard,Monthly,411.8,24,0,Generated feedback 711
189713,20,Male,32,9,5,8,Premium,Monthly,635.82,11,1,Generated feedback 712
189714,28,Male,27,4,4,8,Basic,Annual,744.36,25,1,Generated feedback 713
189715,53,Female,11,3,6,20,Premium,Annual,517.59,17,1,Generated feedback 714
189716,40,Male,26,8,5,17,Standard,Annual,380.29,1,1,Generated feedback 715
189717,69,Male,4,7,5,28,Premium,Quarterly,300.7,22,0,Generated feedback 716
189718,44,Female,24,7,8,14,Standard,Annual,453.1,10,1,Generated feedback 717
189719,25,Female,4,4,7,4,Premium,Annual,793.47,9,0,Generated feedback 718
189720,31,Male,10,2,8,12,Basic,Quarterly,307.97,27,0,Generated feedback 719
189721,36,Female,3,9,3,6,Standard,Quarterly,861.01,3,0,Generated feedback 720
189722,32,Female,22,8,5,28,Standard,Quarterly,514.5,5,1,Generated feedback 721
189723,50,Male,11,1,2,8,Standard,Monthly,912.77,24,0,Generated feedback 722
189724,39,Female,24,2,3,17,Basic,Annual,193.54,15,0,Generated feedback 723
189725,33,Female,13,8,4,8,Basic,Annual,841.36,28,1,Generated feedback 724
189726,27,Female,15,1,1,23,Premium,Quarterly,719.97,6,1,Generated feedback 725
189727,46,Male,29,6,3,29,Standard,Annual,151.58,8,0,Generated feedback 726
189728,23,Female,34,5,0,28,Premium,Quarterly,488.7,2,1,Generated feedback 727
189729,43,Female,27,5,5,24,Premium,Quarterly,200.77,24,0,Generated feedback 728
189730,64,Female,24,7,8,13,Basic,Annual,849.53,29,0,Generated feedback 729
189731,19,Male,30,2,9,2,Basic,Quarterly,381.39,15,1,Generated feedback 730
189732,65,Female,15,5,3,8,Premium,Annual,826.04,13,0,Generated feedback 731
189733,69,Female,27,4,3,24,Standard,Quarterly,132.23,27,0,Generated feedback 732
189734,47,Female,19,6,4,14,Basic,Annual,654.91,6,1,Generated feedback 733
189735,65,Female,34,6,2,29,Basic,Annual,634.95,12,1,Generated feedback 734
189736,54,Male,19,4,3,20,Standard,Annual,394.2,23,1,Generated feedback 735
189737,25,Male,10,9,5,16,Premium,Quarterly,258.39,8,0,Generated feedback 736
189738,46,Male,25,9,0,13,Standard,Monthly,586.55,18,1,Generated feedback 737
189739,48,Female,21,7,1,24,Basic,Quarterly,405.31,22,0,Generated feedback 738
189740,23,Male,11,6,6,8,Premium,Monthly,833.86,24,0,Generated feedback 739
189741,52,Male,33,3,5,29,Premium,Quarterly,737.95,28,1,Generated feedback 740
189742,54,Female,34,8,6,28,Basic,Quarterly,314.04,3,1,Generated feedback 741
189743,37,Male,23,6,5,1,Standard,Annual,283.03,29,1,Generated feedback 742
189744,33,Male,6,9,7,15,Premium,Quarterly,116.95,18,0,Generated feedback 743
189745,24,Female,4,5,8,12,Basic,Monthly,949.73,8,1,Generated feedback 744
189746,52,Male,23,5,8,6,Premium,Quarterly,168.23,25,1,Generated feedback 745
189747,60,Female,10,7,8,24,Premium,Monthly,98.11,15,0,Generated feedback 746
189748,47,Female,33,5,4,16,Standard,Annual,116.65,7,1,Generated feedback 747
189749,56,Female,13,1,2,18,Premium,Monthly,969.11,2,1,Generated feedback 748
189750,35,Male,21,2,3,25,Basic,Monthly,54.91,7,1,Generated feedback 749
189751,25,Male,10,3,4,14,Standard,Monthly,671.82,23,0,Generated feedback 750
189752,44,Male,33,8,2,20,Standard,Annual,931.59,2,0,Generated feedback 751
189753,23,Female,17,3,4,8,Basic,Quarterly,809.41,2,0,Generated feedback 752
189754,59,Female,15,2,1,5,Standard,Monthly,811.35,21,1,Generated feedback 753
189755,51,Female,33,7,6,16,Standard,Quarterly,480.27,10,1,Generated feedback 754
189756,37,Male,7,8,5,15,Standard,Monthly,306.21,3,1,Generated feedback 755
189757,31,Male,31,3,4,20,Premium,Quarterly,476.49,25,1,Generated feedback 756
189758,23,Female,16,7,8,6,Standard,Quarterly,775.06,16,1,Generated feedback 757
189759,47,Female,32,3,4,22,Standard,Annual,555.14,13,1,Generated feedback 758
189760,24,Male,15,7,0,25,Premium,Quarterly,452.59,28,1,Generated feedback 759
189761,46,Male,21,2,5,3,Basic,Annual,857.58,24,0,Generated feedback 760
189762,43,Male,27,5,1,23,Standard,Annual,62.72,29,0,Generated feedback 761
189763,41,Female,7,2,4,19,Basic,Annual,723.9,18,1,Generated feedback 762
189764,36,Female,1,3,3,18,Premium,Quarterly,890.85,11,0,Generated feedback 763
189765,50,Male,29,3,3,15,Standard,Monthly,607.17,12,0,Generated feedback 764
189766,44,Female,26,3,1,11,Standard,Monthly,894.46,8,0,Generated feedback 765
189767,35,Female,20,7,3,10,Premium,Quarterly,128.99,19,1,Generated feedback 766
189768,56,Male,21,2,1,7,Premium,Monthly,884.86,13,1,Generated feedback 767
189769,31,Female,15,5,4,0,Basic,Annual,929.72,2,0,Generated feedback 768
189770,19,Female,16,3,5,9,Premium,Annual,643.88,19,1,Generated feedback 769
189771,20,Female,27,9,6,8,Standard,Annual,376.91,29,1,Generated feedback 770
189772,38,Female,19,7,6,23,Premium,Monthly,137.72,17,1,Generated feedback 771
189773,45,Female,27,6,9,26,Standard,Quarterly,889.62,17,1,Generated feedback 772
189774,64,Male,14,3,6,10,Basic,Quarterly,852.59,10,0,Generated feedback 773
189775,32,Female,15,5,3,25,Premium,Monthly,725.02,16,1,Generated feedback 774
189776,53,Male,5,2,2,22,Standard,Monthly,95.87,10,1,Generated feedback 775
189777,26,Female,34,1,1,1,Premium,Monthly,575.76,8,0,Generated feedback 776
189778,49,Male,14,7,4,28,Basic,Monthly,426.72,14,0,Generated feedback 777
189779,42,Female,10,6,8,25,Basic,Annual,860.04,23,1,Generated feedback 778
189780,57,Female,14,9,1,22,Standard,Quarterly,693.12,29,0,Generated feedback 779
189781,20,Female,32,2,3,25,Premium,Monthly,633.84,17,0,Generated feedback 780
189782,41,Female,26,2,9,8,Premium,Quarterly,844.22,25,0,Generated feedback 781
189783,19,Female,29,7,0,28,Premium,Quarterly,107.16,11,1,Generated feedback 782
189784,58,Female,35,6,1,18,Basic,Quarterly,577.04,13,1,Generated feedback 783
189785,45,Female,30,4,9,23,Basic,Monthly,979.85,6,0,Generated feedback 784
189786,28,Male,3,2,9,15,Premium,Quarterly,497.65,5,0,Generated feedback 785
189787,42,Male,7,4,0,13,Standard,Annual,566.03,18,0,Generated feedback 786
189788,33,Female,21,1,4,16,Standard,Annual,421.52,13,0,Generated feedback 787
189789,47,Male,5,8,4,9,Standard,Monthly,61.67,13,1,Generated feedback 788
189790,65,Female,29,2,1,16,Basic,Monthly,895.96,2,0,Generated feedback 789
189791,35,Male,23,1,8,24,Standard,Monthly,513.32,20,0,Generated feedback 790
189792,56,Female,2,8,2,23,Basic,Monthly,165.16,6,1,Generated feedback 791
189793,24,Male,17,6,0,15,Premium,Quarterly,255.09,4,0,Generated feedback 792
189794,38,Female,22,6,9,12,Standard,Annual,408.94,8,1,Generated feedback 793
189795,65,Male,19,8,6,27,Premium,Monthly,470.53,12,0,Generated feedback 794
189796,26,Male,35,7,6,12,Basic,Annual,621.75,3,0,Generated feedback 795
189797,56,Female,11,2,3,3,Basic,Annual,383.17,11,1,Generated feedback 796
189798,69,Male,30,1,9,16,Premium,Monthly,632.15,11,1,Generated feedback 797
189799,33,Male,19,9,3,9,Standard,Monthly,836.98,14,0,Generated feedback 798
189800,20,Male,6,8,7,16,Basic,Quarterly,806.65,24,1,Generated feedback 799
189801,29,Female,9,7,8,20,Premium,Monthly,926.25,3,0,Generated feedback 800
189802,67,Male,17,7,9,28,Basic,Annual,359.02,3,1,Generated feedback 801
189803,25,Female,11,2,0,11,Standard,Quarterly,410.46,3,0,Generated feedback 802
189804,48,Male,34,1,4,5,Premium,Monthly,504.25,5,1,Generated feedback 803
189805,28,Female,16,6,7,7,Standard,Monthly,568.08,12,1,Generated feedback 804
189806,59,Female,6,6,4,7,Premium,Monthly,885.35,21,0,Generated feedback 805
189807,23,Male,16,7,6,21,Basic,Monthly,446.57,21,1,Generated feedback 806
189808,57,Female,33,3,0,2,Standard,Monthly,622.82,29,1,Generated feedback 807
189809,55,Male,2,1,5,17,Premium,Monthly,187.0,5,0,Generated feedback 808
189810,55,Male,6,7,6,20,Standard,Monthly,751.79,13,1,Generated feedback 809
189811,20,Female,8,3,8,2,Basic,Monthly,492.3,22,0,Generated feedback 810
189812,65,Male,16,1,2,0,Premium,Quarterly,78.42,14,1,Generated feedback 811
189813,29,Male,1,2,0,28,Basic,Monthly,576.1,14,0,Generated feedback 812
189814,48,Male,14,6,7,23,Standard,Quarterly,768.77,7,0,Generated feedback 813
189815,59,Male,20,3,6,2,Basic,Quarterly,237.05,26,1,Generated feedback 814
189816,62,Male,24,4,3,20,Basic,Annual,525.7,25,1,Generated feedback 815
189817,55,Female,1,6,6,14,Premium,Monthly,430.03,17,0,Generated feedback 816
189818,30,Male,29,4,2,9,Premium,Quarterly,539.24,9,1,Generated feedback 817
189819,30,Male,30,3,6,22,Basic,Annual,161.64,21,0,Generated feedback 818
189820,59,Male,6,1,1,19,Standard,Quarterly,336.96,20,1,Generated feedback 819
189821,59,Male,2,2,4,8,Standard,Monthly,557.48,23,1,Generated feedback 820
189822,23,Female,18,8,3,2,Standard,Quarterly,364.82,27,1,Generated feedback 821
189823,35,Male,11,3,4,13,Premium,Monthly,405.52,13,1,Generated feedback 822
189824,51,Female,35,7,4,20,Basic,Monthly,816.94,23,0,Generated feedback 823
189825,41,Female,15,6,3,11,Basic,Monthly,83.39,15,0,Generated feedback 824
189826,51,Female,10,9,8,6,Standard,Quarterly,294.66,12,0,Generated feedback 825
189827,42,Male,35,7,4,2,Standard,Quarterly,939.38,11,1,Generated feedback 826
189828,57,Female,7,7,9,23,Standard,Monthly,693.32,9,0,Generated feedback 827
189829,22,Male,20,8,4,1,Standard,Quarterly,226.77,19,1,Generated feedback 828
189830,42,Male,26,6,5,25,Basic,Annual,701.67,14,1,Generated feedback 829
189831,69,Female,7,2,2,4,Basic,Annual,458.4,23,0,Generated feedback 830
189832,39,Male,19,2,9,23,Standard,Quarterly,729.09,27,1,Generated feedback 831
189833,62,Male,9,9,2,8,Premium,Monthly,738.7,29,0,Generated feedback 832
189834,48,Female,16,2,2,12,Standard,Monthly,254.37,11,1,Generated feedback 833
189835,50,Male,5,5,0,29,Premium,Monthly,195.76,21,0,Generated feedback 834
189836,23,Female,12,2,7,15,Standard,Annual,124.91,25,0,Generated feedback 835
189837,63,Male,24,4,9,15,Premium,Monthly,679.09,20,0,Generated feedback 836
189838,20,Female,35,7,4,14,Standard,Annual,445.22,10,1,Generated feedback 837
189839,33,Male,7,3,2,13,Basic,Quarterly,739.17,10,1,Generated feedback 838
189840,45,Female,13,9,5,12,Standard,Quarterly,699.91,29,0,Generated feedback 839
189841,35,Female,12,4,9,10,Basic,Monthly,823.4,2,1,Generated feedback 840
189842,42,Female,4,9,0,26,Premium,Monthly,336.45,26,0,Generated feedback 841
189843,26,Male,3,1,9,23,Basic,Annual,177.5,25,0,Generated feedback 842
189844,50,Female,32,9,4,15,Standard,Monthly,318.37,29,0,Generated feedback 843
189845,39,Female,5,9,3,4,Premium,Monthly,731.83,25,0,Generated feedback 844
189846,63,Male,18,2,8,9,Standard,Annual,235.38,14,0,Generated feedback 845
189847,52,Female,29,1,8,6,Premium,Monthly,240.82,10,0,Generated feedback 846
189848,20,Female,16,5,1,12,Standard,Monthly,720.81,3,0,Generated feedback 847
189849,55,Female,20,8,5,16,Standard,Quarterly,779.34,15,0,Generated feedback 848
189850,60,Female,7,3,1,8,Basic,Monthly,883.14,22,1,Generated feedback 849
189851,43,Male,12,1,8,14,Standard,Annual,376.18,28,0,Generated feedback 850
189852,69,Female,21,6,4,29,Premium,Monthly,861.89,20,0,Generated feedback 851
189853,61,Female,4,9,0,18,Standard,Annual,918.84,8,0,Generated feedback 852
189854,29,Female,17,7,4,0,Standard,Quarterly,375.44,20,0,Generated feedback 853
189855,24,Female,8,4,0,20,Premium,Monthly,575.84,26,0,Generated feedback 854
189856,37,Female,7,3,2,21,Standard,Monthly,240.05,6,0,Generated feedback 855
189857,30,Female,12,1,8,13,Standard,Annual,692.56,20,0,Generated feedback 856
189858,63,Male,3,1,9,16,Basic,Quarterly,583.78,25,1,Generated feedback 857
189859,24,Male,4,4,7,29,Basic,Monthly,482.24,22,1,Generated feedback 858
189860,65,Male,15,9,5,0,Standard,Monthly,527.42,1,1,Generated feedback 859
189861,53,Male,21,4,0,6,Standard,Monthly,868.42,14,0,Generated feedback 860
189862,46,Male,32,4,8,29,Basic,Monthly,557.66,5,1,Generated feedback 861
189863,31,Female,14,4,3,6,Basic,Quarterly,183.7,26,1,Generated feedback 862
189864,49,Female,6,1,3,16,Basic,Annual,750.0,24,0,Generated feedback 863
189865,64,Male,32,7,3,24,Premium,Annual,422.71,21,0,Generated feedback 864
189866,62,Female,26,9,4,8,Standard,Monthly,127.27,15,0,Generated feedback 865
189867,61,Female,34,2,3,14,Premium,Quarterly,887.96,22,1,Generated feedback 866
189868,68,Female,15,8,2,18,Premium,Quarterly,217.36,8,0,Generated feedback 867
189869,24,Female,17,8,4,1,Standard,Quarterly,889.04,21,1,Generated feedback 868
189870,62,Male,20,1,2,23,Premium,Quarterly,952.93,19,0,Generated feedback 869
189871,65,Male,6,3,0,13,Standard,Annual,424.16,15,1,Generated feedback 870
189872,39,Male,19,2,6,4,Standard,Quarterly,813.19,22,0,Generated feedback 871
189873,49,Female,30,8,3,4,Basic,Monthly,371.56,19,1,Generated feedback 872
189874,59,Male,24,2,9,3,Premium,Annual,988.4,25,1,Generated feedback 873
189875,31,Male,30,8,4,22,Standard,Quarterly,576.65,12,0,Generated feedback 874
189876,58,Male,20,7,3,26,Basic,Annual,727.38,7,0,Generated feedback 875
189877,37,Female,24,2,9,17,Premium,Quarterly,559.29,7,1,Generated feedback 876
189878,53,Female,11,9,0,2,Premium,Monthly,898.25,5,0,Generated feedback 877
189879,19,Male,28,4,6,8,Premium,Annual,453.9,2,0,Generated feedback 878
189880,44,Female,30,5,4,7,Basic,Annual,159.11,22,0,Generated feedback 879
189881,44,Male,22,6,4,14,Premium,Annual,442.43,5,1,Generated feedback 880
189882,62,Female,2,4,7,18,Premium,Annual,791.59,23,1,Generated feedback 881
189883,39,Female,10,1,7,20,Standard,Quarterly,112.18,17,1,Generated feedback 882
189884,68,Male,9,3,1,21,Basic,Quarterly,143.84,23,1,Generated feedback 883
189885,42,Male,27,4,0,19,Standard,Quarterly,746.67,8,0,Generated feedback 884
189886,60,Male,10,2,4,24,Basic,Annual,740.74,6,0,Generated feedback 885
189887,18,Female,15,6,4,3,Premium,Monthly,762.9,20,0,Generated feedback 886
189888,32,Male,27,8,3,29,Basic,Annual,288.26,2,1,Generated feedback 887
189889,56,Female,7,1,6,10,Basic,Quarterly,885.98,3,1,Generated feedback 888
189890,34,Male,1,6,0,29,Standard,Quarterly,367.54,29,1,Generated feedback 889
189891,50,Male,21,8,1,8,Premium,Annual,135.1,17,1,Generated feedback 890
189892,36,Female,9,6,9,20,Basic,Quarterly,196.09,29,1,Generated feedback 891
189893,61,Male,19,1,4,25,Premium,Quarterly,334.82,12,0,Generated feedback 892
189894,49,Female,19,4,1,19,Basic,Quarterly,707.87,29,1,Generated feedback 893
189895,32,Male,4,5,0,8,Premium,Annual,143.7,20,0,Generated feedback 894
189896,52,Male,28,1,3,19,Basic,Monthly,93.01,19,1,Generated feedback 895
189897,25,Female,14,8,7,1,Basic,Annual,561.64,9,0,Generated feedback 896
189898,56,Female,21,8,0,5,Premium,Monthly,95.79,5,0,Generated feedback 897
189899,50,Male,15,4,0,11,Premium,Quarterly,829.57,29,1,Generated feedback 898
189900,61,Female,28,2,4,13,Premium,Quarterly,607.68,2,0,Generated feedback 899
189901,28,Female,8,9,9,15,Premium,Quarterly,713.24,1,0,Generated feedback 900
189902,24,Female,1,2,5,27,Premium,Quarterly,74.11,17,0,Generated feedback 901
189903,19,Male,27,3,8,15,Standard,Monthly,123.92,16,1,Generated feedback 902
189904,36,Female,12,3,9,3,Basic,Monthly,840.05,5,0,Generated feedback 903
189905,39,Male,16,5,4,11,Basic,Annual,809.3,21,0,Generated feedback 904
189906,57,Female,16,6,2,13,Premium,Monthly,627.77,29,0,Generated feedback 905
189907,23,Male,8,9,2,3,Standard,Monthly,590.22,28,1,Generated feedback 906
189908,48,Male,12,8,9,3,Standard,Monthly,530.65,29,1,Generated feedback 907
189909,38,Male,22,5,8,18,Basic,Quarterly,891.6,22,0,Generated feedback 908
189910,18,Female,5,4,5,13,Basic,Quarterly,622.43,23,1,Generated feedback 909
189911,64,Female,6,5,1,2,Premium,Monthly,682.58,10,0,Generated feedback 910
189912,34,Male,17,3,8,13,Basic,Quarterly,164.1,22,0,Generated feedback 911
189913,69,Female,24,4,5,29,Standard,Quarterly,244.89,18,0,Generated feedback 912
189914,29,Female,22,5,0,28,Basic,Monthly,571.45,3,1,Generated feedback 913
189915,68,Female,13,5,7,7,Basic,Quarterly,339.21,27,0,Generated feedback 914
189916,29,Male,3,8,1,3,Premium,Quarterly,737.5,28,0,Generated feedback 915
189917,50,Male,20,8,1,12,Premium,Monthly,795.08,23,1,Generated feedback 916
189918,47,Male,26,9,2,12,Standard,Quarterly,807.84,10,0,Generated feedback 917
189919,26,Female,24,4,2,26,Basic,Monthly,978.27,22,0,Generated feedback 918
189920,38,Female,12,9,8,18,Standard,Quarterly,363.82,7,1,Generated feedback 919
189921,34,Male,11,9,0,25,Premium,Annual,751.79,7,1,Generated feedback 920
189922,28,Male,28,4,0,28,Standard,Annual,859.76,27,1,Generated feedback 921
189923,31,Male,26,3,3,27,Premium,Quarterly,856.62,28,1,Generated feedback 922
189924,30,Male,9,9,3,15,Basic,Monthly,199.54,3,0,Generated feedback 923
189925,53,Male,10,9,4,28,Standard,Annual,551.95,11,0,Generated feedback 924
189926,39,Female,10,7,0,28,Basic,Monthly,918.27,9,1,Generated feedback 925
189927,65,Female,22,9,3,12,Premium,Monthly,508.28,27,1,Generated feedback 926
189928,68,Female,33,8,9,17,Basic,Monthly,615.81,7,1,Generated feedback 927
189929,31,Male,6,1,1,3,Premium,Monthly,226.68,13,1,Generated feedback 928
189930,63,Male,11,4,4,25,Premium,Annual,663.07,29,0,Generated feedback 929
189931,51,Male,27,4,0,17,Premium,Monthly,793.79,16,0,Generated feedback 930
189932,34,Female,7,2,5,9,Premium,Monthly,152.96,17,1,Generated feedback 931
189933,42,Male,27,8,5,26,Basic,Annual,519.29,12,0,Generated feedback 932
189934,58,Male,3,8,9,4,Standard,Quarterly,166.38,18,1,Generated feedback 933
189935,59,Female,27,9,3,2,Standard,Monthly,639.0,25,0,Generated feedback 934
189936,62,Male,18,2,1,18,Standard,Quarterly,312.5,4,1,Generated feedback 935
189937,39,Female,1,5,0,26,Premium,Monthly,798.31,15,1,Generated feedback 936
189938,18,Female,25,4,0,1,Basic,Quarterly,655.59,18,1,Generated feedback 937
189939,67,Female,28,4,8,19,Standard,Monthly,730.99,1,0,Generated feedback 938
189940,66,Female,34,3,3,9,Basic,Annual,205.5,14,0,Generated feedback 939
189941,68,Female,23,3,9,4,Premium,Quarterly,413.56,16,1,Generated feedback 940
189942,37,Female,16,2,9,14,Premium,Quarterly,750.36,17,0,Generated feedback 941
189943,26,Male,3,5,3,7,Standard,Annual,245.32,2,1,Generated feedback 942
189944,64,Female,21,6,1,2,Standard,Monthly,709.72,28,0,Generated feedback 943
189945,28,Male,17,5,3,14,Standard,Monthly,401.41,25,1,Generated feedback 944
189946,60,Female,22,8,8,9,Standard,Quarterly,395.86,6,1,Generated feedback 945
189947,43,Male,25,5,0,2,Premium,Monthly,221.72,25,1,Generated feedback 946
189948,39,Female,27,1,9,21,Basic,Quarterly,665.72,17,0,Generated feedback 947
189949,26,Female,27,5,2,10,Premium,Annual,295.01,11,0,Generated feedback 948
189950,66,Female,11,8,5,29,Premium,Quarterly,637.41,27,1,Generated feedback 949
189951,35,Male,23,6,0,21,Basic,Quarterly,161.88,22,1,Generated feedback 950
189952,50,Female,11,9,6,1,Basic,Annual,838.14,23,0,Generated feedback 951
189953,41,Female,34,5,7,8,Standard,Quarterly,246.0,3,1,Generated feedback 952
189954,41,Male,21,2,1,23,Basic,Annual,331.72,18,0,Generated feedback 953
189955,59,Male,30,8,5,18,Premium,Quarterly,132.77,28,1,Generated feedback 954
189956,34,Female,30,8,1,8,Basic,Quarterly,716.91,24,0,Generated feedback 955
189957,28,Female,25,1,3,8,Basic,Annual,101.0,27,0,Generated feedback 956
189958,65,Female,34,2,1,16,Standard,Quarterly,439.1,1,0,Generated feedback 957
189959,25,Female,7,3,0,18,Basic,Monthly,347.15,25,1,Generated feedback 958
189960,28,Male,7,1,1,28,Basic,Annual,866.86,9,1,Generated feedback 959
189961,56,Female,29,7,2,19,Standard,Annual,589.47,14,0,Generated feedback 960
189962,62,Female,10,3,1,19,Premium,Annual,687.84,17,1,Generated feedback 961
189963,33,Male,15,5,2,10,Premium,Quarterly,931.01,27,1,Generated feedback 962
189964,59,Male,18,9,2,3,Standard,Monthly,550.16,28,0,Generated feedback 963
189965,54,Male,33,7,8,14,Standard,Annual,399.07,18,1,Generated feedback 964
189966,26,Male,7,7,7,25,Basic,Annual,490.85,23,1,Generated feedback 965
189967,39,Female,11,1,9,10,Premium,Monthly,107.59,13,0,Generated feedback 966
189968,42,Male,15,7,2,23,Basic,Quarterly,497.48,28,0,Generated feedback 967
189969,42,Female,22,7,5,11,Premium,Monthly,816.45,12,1,Generated feedback 968
189970,36,Male,15,6,7,9,Basic,Annual,352.57,27,0,Generated feedback 969
189971,21,Female,24,5,2,8,Standard,Quarterly,731.48,19,1,Generated feedback 970
189972,35,Female,8,8,3,27,Standard,Quarterly,113.6,6,1,Generated feedback 971
189973,60,Male,3,3,0,20,Standard,Annual,862.26,19,0,Generated feedback 972
189974,51,Female,17,1,2,15,Basic,Annual,441.45,11,1,Generated feedback 973
189975,42,Male,33,3,9,28,Basic,Monthly,530.75,18,1,Generated feedback 974
189976,54,Female,7,7,7,2,Standard,Annual,758.2,29,1,Generated feedback 975
189977,60,Female,28,7,5,28,Standard,Annual,821.38,10,0,Generated feedback 976
189978,64,Female,13,1,2,26,Standard,Quarterly,839.74,18,0,Generated feedback 977
189979,68,Male,34,8,9,20,Premium,Monthly,173.56,17,0,Generated feedback 978
189980,60,Male,6,9,4,22,Basic,Monthly,183.54,18,1,Generated feedback 979
189981,67,Female,28,7,2,29,Basic,Quarterly,207.79,12,1,Generated feedback 980
189982,68,Female,18,1,8,14,Premium,Quarterly,854.72,11,0,Generated feedback 981
189983,25,Female,35,2,9,8,Standard,Quarterly,590.58,7,0,Generated feedback 982
189984,63,Male,30,5,4,10,Basic,Monthly,404.43,2,0,Generated feedback 983
189985,51,Male,19,4,6,25,Standard,Quarterly,317.07,10,0,Generated feedback 984
189986,20,Female,18,6,8,12,Standard,Quarterly,139.07,8,0,Generated feedback 985
189987,62,Female,2,7,1,1,Standard,Monthly,937.14,9,0,Generated feedback 986
189988,49,Male,21,2,2,19,Premium,Annual,791.88,22,0,Generated feedback 987
189989,51,Male,13,3,4,9,Standard,Annual,968.12,27,1,Generated feedback 988
189990,51,Female,5,3,2,24,Standard,Quarterly,584.08,22,0,Generated feedback 989
189991,58,Female,2,1,8,21,Standard,Quarterly,245.5,23,1,Generated feedback 990
189992,61,Female,28,3,2,26,Premium,Annual,910.5,26,1,Generated feedback 991
189993,27,Female,31,8,6,1,Premium,Monthly,254.58,7,1,Generated feedback 992
189994,35,Male,30,5,2,10,Premium,Annual,123.71,29,0,Generated feedback 993
189995,26,Female,12,2,0,9,Premium,Quarterly,835.28,5,1,Generated feedback 994
189996,37,Female,14,1,4,11,Basic,Annual,680.06,14,1,Generated feedback 995
189997,65,Female,28,5,6,14,Standard,Monthly,91.8,12,0,Generated feedback 996
189998,61,Female,9,7,4,6,Standard,Monthly,266.24,27,0,Generated feedback 997
189999,65,Female,28,5,3,1,Premium,Annual,701.19,3,0,Generated feedback 998
190000,49,Female,5,7,0,17,Basic,Quarterly,305.82,6,0,Generated feedback 999
